,Barbecued Chicken,Red Peppers,Green Peppers,Tomatoes,Red Onions,Barbecue Sauce,Chicken,Artichoke,Spinach,Garlic,Jalapeno Peppers,Fontina Cheese,Gouda Cheese,Mushrooms,Asiago Cheese,Alfredo Sauce,Pesto Sauce,Corn,Cilantro,Chipotle Sauce,Pineapple,Thai Sweet Chilli Sauce,Bacon,Pepperoni,Italian Sausage,Chorizo Sausage,Sliced Ham,Mozzarella Cheese,Capocollo,Goat Cheese,Oregano,Anchovies,Green Olives,Kalamata Olives,Feta Cheese,Beef Chuck Roast,Brie Carre Cheese,Prosciutto,Caramelized Onions,Pears,Thyme,Â‘Nduja Salami,Pancetta,Friggitello Peppers,Calabrese Salami,Genoa Salami,Prosciutto di San Daniele,Arugula,Coarse Sicilian Salami,Luganega Sausage,Onions,Soppressata Salami,Artichokes,Peperoncini verdi,Provolone Cheese,Smoked Gouda Cheese,Romano Cheese,Blue Cheese,Ricotta Cheese,Gorgonzola Piccante Cheese,Parmigiano Reggiano Cheese,Eggplant,Zucchini,Sun-dried Tomatoes,Plum Tomatoes
week_1,70.57232704402516,541.9622641509434,157.71069182389937,904.4591194968552,663.1446540880503,70.57232704402516,284.1132075471698,74.15094339622641,318.07547169811323,976.4276729559748,195.75471698113208,107.56603773584906,74.15094339622641,302.1509433962264,117.16981132075472,35.899371069182386,92.55345911949685,121.60377358490565,121.60377358490565,121.60377358490565,150.86163522012578,82.0440251572327,101.46540880503146,305.38993710691824,27.056603773584907,27.056603773584907,68.81761006289308,382.0943396226415,239.62264150943398,116.46540880503146,46.06289308176101,42.144654088050316,198.30188679245282,118.96855345911949,161.48427672955975,59.44025157232704,7.018867924528301,7.018867924528301,7.018867924528301,7.018867924528301,7.018867924528301,31.761006289308174,31.761006289308174,31.761006289308174,70.66037735849056,52.496855345911946,44.9811320754717,44.9811320754717,60.886792452830186,60.886792452830186,60.886792452830186,33.41509433962264,191.45283018867926,70.40251572327044,66.64150943396227,66.64150943396227,66.64150943396227,66.64150943396227,82.27672955974843,82.27672955974843,82.27672955974843,29.89308176100629,80.33962264150944,62.38364779874214,30.754716981132077
week_2,101.57232704402516,601.9622641509434,191.37735849056602,1002.4591194968552,710.4779874213837,101.57232704402516,317.1132075471698,83.81761006289308,329.07547169811323,1012.4276729559748,217.0880503144654,113.23270440251572,83.81761006289308,285.1509433962264,113.83647798742139,28.566037735849054,98.55345911949685,133.27044025157232,133.27044025157232,133.27044025157232,162.52830188679243,94.71069182389937,97.46540880503146,310.38993710691824,27.38993710691824,27.38993710691824,67.81761006289308,378.42767295597486,255.62264150943398,128.7987421383648,54.39622641509434,56.144654088050316,215.96855345911948,123.63522012578615,158.15094339622644,65.10691823899371,5.352201257861634,5.352201257861634,5.352201257861634,5.352201257861634,5.352201257861634,25.761006289308174,25.761006289308174,25.761006289308174,74.32704402515724,52.496855345911946,45.64779874213837,45.64779874213837,61.886792452830186,61.886792452830186,61.886792452830186,29.41509433962264,198.11949685534591,74.40251572327044,72.64150943396227,72.64150943396227,72.64150943396227,72.64150943396227,71.61006289308176,71.61006289308176,71.61006289308176,32.55974842767296,86.00628930817611,58.38364779874214,25.754716981132077
week_3,87.23899371069183,644.2955974842768,194.37735849056602,1087.4591194968552,799.811320754717,87.23899371069183,341.1132075471698,90.48427672955974,382.40880503144655,1188.427672955975,227.75471698113208,127.56603773584906,90.48427672955974,358.4842767295597,141.83647798742138,42.56603773584906,109.55345911949685,137.27044025157232,137.27044025157232,137.27044025157232,188.86163522012578,105.0440251572327,116.79874213836479,362.38993710691824,35.056603773584904,35.056603773584904,83.81761006289308,471.42767295597486,281.622641509434,129.7987421383648,52.06289308176101,60.144654088050316,247.96855345911948,146.96855345911948,203.8176100628931,74.44025157232704,9.352201257861635,9.352201257861635,9.352201257861635,9.352201257861635,9.352201257861635,36.094339622641506,36.094339622641506,36.094339622641506,85.66037735849056,66.16352201257861,60.64779874213837,60.64779874213837,73.55345911949685,73.55345911949685,73.55345911949685,37.081761006289305,223.11949685534591,77.73584905660378,92.64150943396226,92.64150943396226,92.64150943396226,92.64150943396226,97.27672955974843,97.27672955974843,97.27672955974843,40.89308176100629,101.67295597484276,71.38364779874213,39.42138364779874
week_4,116.23899371069183,693.6289308176101,222.37735849056602,1156.125786163522,824.4779874213837,116.23899371069183,363.1132075471698,101.48427672955974,367.7421383647799,1189.0943396226414,256.0880503144654,140.23270440251574,101.48427672955974,336.4842767295597,132.50314465408806,34.23270440251572,112.22012578616352,154.60377358490567,154.60377358490567,154.60377358490567,180.52830188679243,103.37735849056604,114.46540880503146,360.38993710691824,32.056603773584904,32.056603773584904,77.15094339622641,436.42767295597486,287.28930817610063,144.46540880503144,65.062893081761,67.47798742138365,244.30188679245282,139.96855345911948,183.48427672955975,80.44025157232704,8.018867924528301,8.018867924528301,8.018867924528301,8.018867924528301,8.018867924528301,41.76100628930818,41.76100628930818,41.76100628930818,75.99371069182389,66.83018867924528,54.314465408805034,54.314465408805034,77.22012578616352,77.22012578616352,77.22012578616352,38.74842767295598,214.78616352201257,79.40251572327044,76.64150943396227,76.64150943396227,76.64150943396227,76.64150943396227,87.61006289308176,87.61006289308176,87.61006289308176,40.89308176100629,101.33962264150944,63.0503144654088,28.08805031446541
week_5,98.57232704402516,656.2955974842768,213.37735849056602,1094.125786163522,804.811320754717,98.57232704402516,341.4465408805031,95.15094339622641,387.7421383647799,1196.427672955975,227.0880503144654,131.23270440251574,95.15094339622641,356.81761006289304,136.16981132075472,41.899371069182386,105.22012578616352,131.93710691823898,131.93710691823898,131.93710691823898,183.86163522012578,97.0440251572327,111.79874213836479,344.05660377358487,36.723270440251575,36.723270440251575,86.81761006289308,461.0943396226415,303.622641509434,155.13207547169813,70.062893081761,62.81132075471698,238.30188679245282,133.63522012578616,189.48427672955975,66.10691823899371,11.685534591194967,11.685534591194967,11.685534591194967,11.685534591194967,11.685534591194967,38.76100628930818,38.76100628930818,38.76100628930818,87.32704402515724,61.16352201257862,61.9811320754717,61.9811320754717,65.22012578616352,65.22012578616352,65.22012578616352,36.081761006289305,222.78616352201257,85.06918238993711,90.64150943396226,90.64150943396226,90.64150943396226,90.64150943396226,93.61006289308176,93.61006289308176,93.61006289308176,37.89308176100629,106.67295597484276,66.71698113207547,34.42138364779874
week_6,114.23899371069183,707.6289308176101,218.04402515723268,1166.7924528301885,833.4779874213837,114.23899371069183,364.1132075471698,101.48427672955974,362.07547169811323,1226.427672955975,263.75471698113205,141.8993710691824,101.48427672955974,339.81761006289304,124.16981132075472,39.56603773584906,116.88679245283019,162.27044025157232,162.27044025157232,162.27044025157232,180.86163522012578,98.37735849056604,117.13207547169812,344.05660377358487,33.723270440251575,33.723270440251575,82.48427672955974,464.42767295597486,279.28930817610063,146.13207547169813,66.062893081761,63.47798742138365,253.96855345911948,143.30188679245282,186.48427672955975,86.44025157232704,10.685534591194967,10.685534591194967,10.685534591194967,10.685534591194967,10.685534591194967,44.76100628930817,44.76100628930817,44.76100628930817,77.99371069182389,55.16352201257862,57.314465408805034,57.314465408805034,85.22012578616352,85.22012578616352,85.22012578616352,40.41509433962264,214.11949685534591,80.06918238993711,80.64150943396227,80.64150943396227,80.64150943396227,80.64150943396227,105.94339622641509,105.94339622641509,105.94339622641509,44.89308176100629,104.00628930817611,59.71698113207547,27.421383647798745
week_7,97.23899371069183,666.62893081761,210.71069182389934,1100.4591194968552,807.1446540880503,97.23899371069183,362.1132075471698,101.15094339622641,401.40880503144655,1169.0943396226414,241.75471698113208,135.8993710691824,101.15094339622641,354.4842767295597,130.83647798742138,38.56603773584906,108.88679245283019,140.60377358490567,140.60377358490567,140.60377358490567,194.52830188679243,98.37735849056604,117.46540880503146,347.38993710691824,35.38993710691824,35.38993710691824,96.15094339622641,448.42767295597486,301.28930817610063,155.46540880503144,68.39622641509435,54.81132075471698,229.63522012578616,136.63522012578616,189.8176100628931,66.44025157232704,11.018867924528301,11.018867924528301,11.018867924528301,11.018867924528301,11.018867924528301,43.76100628930817,43.76100628930817,43.76100628930817,85.99371069182389,59.83018867924528,59.314465408805034,59.314465408805034,62.886792452830186,62.886792452830186,62.886792452830186,34.74842767295598,224.78616352201257,87.06918238993711,76.64150943396227,76.64150943396227,76.64150943396227,76.64150943396227,89.61006289308176,89.61006289308176,89.61006289308176,32.22641509433962,100.00628930817611,73.0503144654088,37.75471698113208
week_8,100.23899371069183,678.9622641509434,217.04402515723268,1136.4591194968552,809.811320754717,100.23899371069183,361.4465408805031,97.48427672955974,392.40880503144655,1205.7610062893082,256.42138364779873,138.56603773584905,97.48427672955974,353.4842767295597,127.83647798742139,36.23270440251572,116.22012578616352,158.93710691823898,158.93710691823898,158.93710691823898,181.52830188679243,93.37735849056604,111.79874213836479,356.05660377358487,34.056603773584904,34.056603773584904,88.15094339622641,478.42767295597486,269.9559748427673,141.7987421383648,60.729559748427675,60.144654088050316,249.30188679245282,151.30188679245282,196.15094339622644,79.10691823899371,9.018867924528301,9.018867924528301,9.018867924528301,9.018867924528301,9.018867924528301,39.094339622641506,39.094339622641506,39.094339622641506,73.32704402515724,54.83018867924528,50.314465408805034,50.314465408805034,80.22012578616352,80.22012578616352,80.22012578616352,41.081761006289305,226.45283018867926,81.06918238993711,86.64150943396226,86.64150943396226,86.64150943396226,86.64150943396226,109.61006289308176,109.61006289308176,109.61006289308176,41.89308176100629,108.67295597484276,66.71698113207547,35.42138364779874
week_9,106.57232704402516,700.2955974842768,217.04402515723268,1114.125786163522,813.811320754717,106.57232704402516,384.7798742138364,104.15094339622641,391.40880503144655,1139.7610062893082,263.42138364779873,141.56603773584905,104.15094339622641,358.81761006289304,140.16981132075472,43.89937106918239,112.55345911949685,159.27044025157232,159.27044025157232,159.27044025157232,211.52830188679243,107.37735849056604,120.13207547169812,348.72327044025155,34.723270440251575,34.723270440251575,104.15094339622641,450.76100628930817,280.28930817610063,139.13207547169813,60.06289308176101,56.47798742138365,229.63522012578616,133.30188679245282,182.48427672955975,62.44025157232704,9.352201257861635,9.352201257861635,9.352201257861635,9.352201257861635,9.352201257861635,40.094339622641506,40.094339622641506,40.094339622641506,77.32704402515724,63.83018867924528,66.64779874213836,66.64779874213836,64.88679245283019,64.88679245283019,64.88679245283019,37.41509433962264,224.11949685534591,79.06918238993711,72.64150943396227,72.64150943396227,72.64150943396227,72.64150943396227,87.27672955974843,87.27672955974843,87.27672955974843,38.55974842767296,99.33962264150944,74.0503144654088,38.42138364779874
week_10,95.23899371069183,679.62893081761,219.04402515723268,1111.4591194968552,793.4779874213837,95.23899371069183,363.1132075471698,93.81761006289308,395.40880503144655,1181.0943396226414,246.0880503144654,131.8993710691824,93.81761006289308,364.4842767295597,130.16981132075472,35.56603773584906,107.55345911949685,152.27044025157232,152.27044025157232,152.27044025157232,195.19496855345912,108.37735849056604,116.46540880503146,359.72327044025155,37.723270440251575,37.723270440251575,86.81761006289308,468.76100628930817,273.9559748427673,148.7987421383648,67.72955974842768,59.144654088050316,228.96855345911948,145.96855345911948,195.8176100628931,71.77358490566037,9.352201257861635,9.352201257861635,9.352201257861635,9.352201257861635,9.352201257861635,36.42767295597484,36.42767295597484,36.42767295597484,68.99371069182389,56.16352201257862,51.64779874213837,51.64779874213837,66.22012578616352,66.22012578616352,66.22012578616352,38.081761006289305,224.45283018867926,81.06918238993711,85.64150943396226,85.64150943396226,85.64150943396226,85.64150943396226,114.27672955974843,114.27672955974843,114.27672955974843,35.89308176100629,103.33962264150944,69.0503144654088,35.75471698113208
week_11,112.9056603773585,705.6289308176101,222.37735849056602,1138.7924528301885,831.4779874213837,112.9056603773585,371.7798742138364,95.48427672955974,386.07547169811323,1173.427672955975,255.42138364779873,131.56603773584905,95.48427672955974,368.4842767295597,151.83647798742138,47.89937106918239,111.88679245283019,159.93710691823898,159.93710691823898,159.93710691823898,203.52830188679243,103.37735849056604,121.13207547169812,352.05660377358487,35.38993710691824,35.38993710691824,100.15094339622641,450.76100628930817,300.9559748427673,150.46540880503144,60.06289308176101,52.81132075471698,230.96855345911948,137.30188679245282,192.15094339622644,70.10691823899371,9.685534591194967,9.685534591194967,9.685534591194967,9.685534591194967,9.685534591194967,33.094339622641506,33.094339622641506,33.094339622641506,80.99371069182389,69.49685534591195,61.9811320754717,61.9811320754717,66.55345911949685,66.55345911949685,66.55345911949685,36.081761006289305,235.78616352201257,90.40251572327044,77.64150943396227,77.64150943396227,77.64150943396227,77.64150943396227,95.27672955974843,95.27672955974843,95.27672955974843,39.89308176100629,102.00628930817611,71.0503144654088,32.75471698113208
week_12,101.57232704402516,699.2955974842768,209.04402515723268,1102.125786163522,794.4779874213837,101.57232704402516,373.4465408805031,92.48427672955974,380.7421383647799,1159.427672955975,253.75471698113208,131.8993710691824,92.48427672955974,358.4842767295597,126.50314465408805,42.89937106918239,112.88679245283019,161.27044025157232,161.27044025157232,161.27044025157232,199.86163522012578,112.37735849056604,122.46540880503146,342.38993710691824,37.056603773584904,37.056603773584904,87.48427672955974,453.42767295597486,276.622641509434,154.13207547169813,65.39622641509435,50.47798742138365,215.30188679245282,141.30188679245282,194.48427672955975,73.44025157232704,9.685534591194967,9.685534591194967,9.685534591194967,9.685534591194967,9.685534591194967,30.761006289308174,30.761006289308174,30.761006289308174,68.99371069182389,53.496855345911946,53.314465408805034,53.314465408805034,67.55345911949685,67.55345911949685,67.55345911949685,39.41509433962264,228.45283018867926,88.73584905660378,82.64150943396227,82.64150943396227,82.64150943396227,82.64150943396227,104.94339622641509,104.94339622641509,104.94339622641509,32.55974842767296,89.33962264150944,77.0503144654088,37.75471698113208
week_13,105.23899371069183,692.9622641509435,211.37735849056602,1156.4591194968552,840.811320754717,105.23899371069183,378.4465408805031,91.81761006289308,373.07547169811323,1191.7610062893082,242.42138364779873,135.23270440251574,91.81761006289308,362.81761006289304,149.16981132075472,44.89937106918239,101.88679245283019,150.60377358490567,150.60377358490567,150.60377358490567,206.52830188679243,114.0440251572327,119.79874213836479,353.05660377358487,34.723270440251575,34.723270440251575,92.48427672955974,452.0943396226415,309.9559748427673,158.46540880503144,63.729559748427675,58.144654088050316,237.30188679245282,160.63522012578616,206.15094339622644,87.44025157232704,10.018867924528301,10.018867924528301,10.018867924528301,10.018867924528301,10.018867924528301,38.42767295597484,38.42767295597484,38.42767295597484,84.99371069182389,66.49685534591195,56.9811320754717,56.9811320754717,64.88679245283019,64.88679245283019,64.88679245283019,43.41509433962264,235.11949685534591,94.73584905660378,79.64150943396227,79.64150943396227,79.64150943396227,79.64150943396227,97.94339622641509,97.94339622641509,97.94339622641509,35.89308176100629,94.67295597484276,66.71698113207547,35.42138364779874
week_14,105.57232704402516,710.9622641509435,202.37735849056602,1142.125786163522,841.4779874213837,105.57232704402516,369.7798742138364,90.81761006289308,377.40880503144655,1188.427672955975,260.0880503144654,137.56603773584905,90.81761006289308,360.81761006289304,144.50314465408806,47.23270440251573,111.55345911949685,169.27044025157232,169.27044025157232,169.27044025157232,198.52830188679243,107.0440251572327,118.46540880503146,346.05660377358487,30.72327044025157,30.72327044025157,91.48427672955974,446.0943396226415,301.622641509434,156.13207547169813,65.72955974842768,46.47798742138365,218.96855345911948,164.63522012578616,215.48427672955975,90.10691823899371,6.685534591194968,6.685534591194968,6.685534591194968,6.685534591194968,6.685534591194968,34.42767295597484,34.42767295597484,34.42767295597484,79.66037735849056,65.83018867924528,53.314465408805034,53.314465408805034,65.22012578616352,65.22012578616352,65.22012578616352,46.74842767295598,233.45283018867926,90.40251572327044,78.64150943396227,78.64150943396227,78.64150943396227,78.64150943396227,90.61006289308176,90.61006289308176,90.61006289308176,33.55974842767296,85.33962264150944,78.0503144654088,43.08805031446541
week_15,104.9056603773585,714.2955974842768,216.04402515723268,1181.4591194968552,867.4779874213837,104.9056603773585,384.7798742138364,95.15094339622641,371.7421383647799,1204.0943396226414,258.75471698113205,145.8993710691824,95.15094339622641,367.4842767295597,150.16981132075472,39.899371069182386,94.55345911949685,163.60377358490567,163.60377358490567,163.60377358490567,212.19496855345912,119.71069182389937,123.46540880503146,360.72327044025155,33.38993710691824,33.38993710691824,92.48427672955974,439.42767295597486,305.9559748427673,154.13207547169813,66.72955974842768,60.144654088050316,236.30188679245282,170.96855345911948,206.15094339622644,90.77358490566037,9.018867924528301,9.018867924528301,9.018867924528301,9.018867924528301,9.018867924528301,45.76100628930817,45.76100628930817,45.76100628930817,81.99371069182389,69.83018867924528,50.9811320754717,50.9811320754717,67.22012578616352,67.22012578616352,67.22012578616352,50.74842767295598,229.45283018867926,87.40251572327044,74.64150943396227,74.64150943396227,74.64150943396227,74.64150943396227,93.27672955974843,93.27672955974843,93.27672955974843,35.22641509433962,96.67295597484276,66.38364779874213,39.75471698113208
week_16,109.57232704402516,718.9622641509435,212.37735849056602,1171.125786163522,850.811320754717,109.57232704402516,365.4465408805031,86.15094339622641,375.07547169811323,1206.0943396226414,246.75471698113208,129.56603773584905,86.15094339622641,358.4842767295597,137.83647798742138,37.899371069182386,115.88679245283019,160.60377358490567,160.60377358490567,160.60377358490567,195.52830188679243,110.37735849056604,124.13207547169812,353.72327044025155,32.723270440251575,32.723270440251575,85.15094339622641,444.0943396226415,308.9559748427673,152.7987421383648,62.39622641509434,52.144654088050316,238.96855345911948,163.96855345911948,210.8176100628931,91.44025157232704,6.685534591194968,6.685534591194968,6.685534591194968,6.685534591194968,6.685534591194968,35.76100628930818,35.76100628930818,35.76100628930818,92.32704402515724,63.83018867924528,55.64779874213837,55.64779874213837,62.886792452830186,62.886792452830186,62.886792452830186,43.41509433962264,226.11949685534591,90.40251572327044,78.64150943396227,78.64150943396227,78.64150943396227,78.64150943396227,98.61006289308176,98.61006289308176,98.61006289308176,38.22641509433962,94.00628930817611,61.38364779874214,36.42138364779874
week_17,102.9056603773585,686.2955974842768,212.04402515723268,1128.125786163522,844.811320754717,102.9056603773585,366.1132075471698,99.48427672955974,390.7421383647799,1171.7610062893082,256.42138364779873,136.8993710691824,99.48427672955974,359.4842767295597,146.83647798742138,37.56603773584906,106.88679245283019,156.93710691823898,156.93710691823898,156.93710691823898,192.52830188679243,100.37735849056604,125.79874213836479,365.72327044025155,33.723270440251575,33.723270440251575,92.15094339622641,415.0943396226415,293.622641509434,137.7987421383648,61.39622641509434,52.47798742138365,225.96855345911948,158.63522012578616,205.15094339622644,85.10691823899371,8.685534591194967,8.685534591194967,8.685534591194967,8.685534591194967,8.685534591194967,40.42767295597484,40.42767295597484,40.42767295597484,83.32704402515724,72.49685534591195,41.9811320754717,41.9811320754717,64.88679245283019,64.88679245283019,64.88679245283019,37.41509433962264,219.11949685534591,76.40251572327044,67.64150943396227,67.64150943396227,67.64150943396227,67.64150943396227,91.94339622641509,91.94339622641509,91.94339622641509,34.89308176100629,97.33962264150944,71.0503144654088,36.75471698113208
week_18,108.57232704402516,682.62893081761,218.04402515723268,1135.7924528301885,819.811320754717,108.57232704402516,358.7798742138364,96.15094339622641,385.07547169811323,1200.7610062893082,244.75471698113208,138.23270440251574,96.15094339622641,357.4842767295597,127.83647798742139,34.56603773584906,126.88679245283019,148.60377358490567,148.60377358490567,148.60377358490567,192.86163522012578,103.71069182389937,127.79874213836479,370.38993710691824,37.056603773584904,37.056603773584904,89.15094339622641,457.76100628930817,293.28930817610063,148.13207547169813,53.06289308176101,54.81132075471698,235.63522012578616,153.63522012578616,197.48427672955975,83.10691823899371,9.018867924528301,9.018867924528301,9.018867924528301,9.018867924528301,9.018867924528301,33.76100628930818,33.76100628930818,33.76100628930818,88.66037735849056,56.496855345911946,48.314465408805034,48.314465408805034,63.886792452830186,63.886792452830186,63.886792452830186,42.081761006289305,246.45283018867926,95.06918238993711,76.64150943396227,76.64150943396227,76.64150943396227,76.64150943396227,107.61006289308176,107.61006289308176,107.61006289308176,43.22641509433962,97.33962264150944,71.38364779874213,33.75471698113208
week_19,103.57232704402516,663.62893081761,201.04402515723268,1106.4591194968552,803.1446540880503,103.57232704402516,363.7798742138364,99.48427672955974,393.40880503144655,1183.0943396226414,237.0880503144654,139.8993710691824,99.48427672955974,362.1509433962264,138.50314465408806,40.899371069182386,114.88679245283019,137.60377358490567,137.60377358490567,137.60377358490567,189.19496855345912,98.0440251572327,129.46540880503144,375.38993710691824,37.056603773584904,37.056603773584904,91.15094339622641,465.0943396226415,305.28930817610063,154.7987421383648,61.39622641509434,50.47798742138365,234.96855345911948,140.63522012578616,201.15094339622644,72.44025157232704,11.018867924528301,11.018867924528301,11.018867924528301,11.018867924528301,11.018867924528301,38.76100628930818,38.76100628930818,38.76100628930818,83.32704402515724,67.16352201257861,50.64779874213837,50.64779874213837,71.88679245283019,71.88679245283019,71.88679245283019,40.41509433962264,234.45283018867926,93.40251572327044,79.64150943396227,79.64150943396227,79.64150943396227,79.64150943396227,98.61006289308176,98.61006289308176,98.61006289308176,33.89308176100629,87.67295597484276,76.71698113207547,37.75471698113208
week_20,107.23899371069183,668.62893081761,213.04402515723268,1121.125786163522,839.4779874213837,107.23899371069183,356.1132075471698,101.15094339622641,390.40880503144655,1192.427672955975,253.75471698113208,139.23270440251574,101.15094339622641,360.1509433962264,133.83647798742138,37.23270440251572,110.88679245283019,152.60377358490567,152.60377358490567,152.60377358490567,193.86163522012578,103.37735849056604,127.46540880503146,375.72327044025155,36.38993710691824,36.38993710691824,90.48427672955974,447.42767295597486,290.28930817610063,150.7987421383648,56.39622641509434,55.81132075471698,227.96855345911948,157.63522012578616,203.8176100628931,81.10691823899371,10.352201257861635,10.352201257861635,10.352201257861635,10.352201257861635,10.352201257861635,38.76100628930818,38.76100628930818,38.76100628930818,84.66037735849056,54.83018867924528,42.9811320754717,42.9811320754717,62.22012578616352,62.22012578616352,62.22012578616352,38.081761006289305,250.78616352201257,94.40251572327044,69.64150943396227,69.64150943396227,69.64150943396227,69.64150943396227,108.61006289308176,108.61006289308176,108.61006289308176,37.89308176100629,89.67295597484276,76.71698113207547,34.75471698113208
week_21,107.9056603773585,657.62893081761,197.37735849056602,1115.125786163522,811.1446540880503,107.9056603773585,354.4465408805031,91.48427672955974,379.07547169811323,1184.0943396226414,233.42138364779873,139.23270440251574,91.48427672955974,355.81761006289304,128.83647798742138,39.23270440251572,111.22012578616352,141.93710691823898,141.93710691823898,141.93710691823898,183.52830188679243,97.71069182389937,129.7987421383648,362.38993710691824,40.38993710691824,40.38993710691824,85.81761006289308,482.0943396226415,305.28930817610063,154.46540880503144,59.729559748427675,52.81132075471698,250.63522012578616,146.30188679245282,208.48427672955975,73.44025157232704,9.018867924528301,9.018867924528301,9.018867924528301,9.018867924528301,9.018867924528301,41.42767295597484,41.42767295597484,41.42767295597484,88.99371069182389,61.83018867924528,60.314465408805034,60.314465408805034,75.22012578616352,75.22012578616352,75.22012578616352,47.74842767295598,237.11949685534591,94.73584905660378,89.64150943396226,89.64150943396226,89.64150943396226,89.64150943396226,98.27672955974843,98.27672955974843,98.27672955974843,33.22641509433962,80.00628930817611,81.38364779874213,45.08805031446541
week_22,101.57232704402516,672.62893081761,209.04402515723268,1145.4591194968552,843.1446540880503,101.57232704402516,368.1132075471698,108.15094339622641,403.07547169811323,1236.7610062893082,266.42138364779873,145.8993710691824,108.15094339622641,361.1509433962264,146.50314465408806,35.23270440251572,103.55345911949685,158.27044025157232,158.27044025157232,158.27044025157232,178.86163522012578,99.71069182389937,125.13207547169812,375.72327044025155,36.056603773584904,36.056603773584904,79.15094339622641,443.42767295597486,317.9559748427673,155.7987421383648,65.39622641509435,56.81132075471698,246.30188679245282,151.63522012578616,200.48427672955975,75.77358490566037,10.685534591194967,10.685534591194967,10.685534591194967,10.685534591194967,10.685534591194967,38.094339622641506,38.094339622641506,38.094339622641506,93.66037735849056,68.49685534591195,51.314465408805034,51.314465408805034,67.88679245283019,67.88679245283019,67.88679245283019,37.74842767295598,232.78616352201257,90.40251572327044,79.64150943396227,79.64150943396227,79.64150943396227,79.64150943396227,108.61006289308176,108.61006289308176,108.61006289308176,31.226415094339625,86.33962264150944,68.38364779874213,33.08805031446541
week_23,102.9056603773585,661.9622641509434,206.37735849056602,1103.4591194968552,823.4779874213837,102.9056603773585,340.7798742138365,87.81761006289308,372.40880503144655,1151.427672955975,238.42138364779873,126.23270440251572,87.81761006289308,351.1509433962264,133.50314465408806,42.89937106918239,104.22012578616352,150.60377358490567,150.60377358490567,150.60377358490567,187.19496855345912,95.0440251572327,119.13207547169812,344.72327044025155,36.723270440251575,36.723270440251575,92.15094339622641,453.42767295597486,285.622641509434,144.13207547169813,66.72955974842768,60.47798742138365,246.30188679245282,148.63522012578616,198.15094339622644,71.77358490566037,6.018867924528301,6.018867924528301,6.018867924528301,6.018867924528301,6.018867924528301,45.094339622641506,45.094339622641506,45.094339622641506,85.32704402515724,56.16352201257862,65.9811320754717,65.9811320754717,68.88679245283019,68.88679245283019,68.88679245283019,38.41509433962264,223.11949685534591,77.40251572327044,78.64150943396227,78.64150943396227,78.64150943396227,78.64150943396227,93.94339622641509,93.94339622641509,93.94339622641509,33.22641509433962,86.00628930817611,78.0503144654088,42.42138364779874
week_24,90.57232704402516,640.9622641509434,194.71069182389934,1142.125786163522,819.4779874213837,90.57232704402516,369.4465408805031,111.48427672955974,407.07547169811323,1249.427672955975,262.75471698113205,154.56603773584905,111.48427672955974,353.81761006289304,150.16981132075472,39.899371069182386,105.88679245283019,151.27044025157232,151.27044025157232,151.27044025157232,176.52830188679243,97.0440251572327,109.79874213836479,348.38993710691824,33.723270440251575,33.723270440251575,79.48427672955974,433.76100628930817,312.9559748427673,151.46540880503144,63.39622641509434,59.81132075471698,257.3018867924528,158.63522012578616,211.15094339622644,83.10691823899371,11.685534591194967,11.685534591194967,11.685534591194967,11.685534591194967,11.685534591194967,41.42767295597484,41.42767295597484,41.42767295597484,89.32704402515724,72.16352201257861,48.9811320754717,48.9811320754717,76.22012578616352,76.22012578616352,76.22012578616352,43.081761006289305,230.78616352201257,88.06918238993711,88.64150943396226,88.64150943396226,88.64150943396226,88.64150943396226,95.61006289308176,95.61006289308176,95.61006289308176,30.226415094339625,84.00628930817611,74.38364779874213,37.42138364779874
week_25,100.9056603773585,688.2955974842768,217.71069182389934,1137.125786163522,815.1446540880503,100.9056603773585,365.4465408805031,96.81761006289308,380.7421383647799,1177.0943396226414,246.42138364779873,135.23270440251574,96.81761006289308,358.81761006289304,133.83647798742138,39.23270440251572,109.88679245283019,149.60377358490567,149.60377358490567,149.60377358490567,210.52830188679243,114.37735849056604,116.79874213836479,356.38993710691824,31.056603773584907,31.056603773584907,96.15094339622641,448.0943396226415,294.9559748427673,155.46540880503144,70.062893081761,64.47798742138365,238.30188679245282,140.63522012578616,184.15094339622644,71.10691823899371,7.018867924528301,7.018867924528301,7.018867924528301,7.018867924528301,7.018867924528301,44.094339622641506,44.094339622641506,44.094339622641506,79.99371069182389,59.496855345911946,59.9811320754717,59.9811320754717,66.88679245283019,66.88679245283019,66.88679245283019,38.41509433962264,228.11949685534591,85.40251572327044,74.64150943396227,74.64150943396227,74.64150943396227,74.64150943396227,91.94339622641509,91.94339622641509,91.94339622641509,32.89308176100629,91.67295597484276,74.71698113207547,34.42138364779874
week_26,97.9056603773585,672.62893081761,202.04402515723268,1152.125786163522,840.4779874213837,97.9056603773585,363.4465408805031,100.81761006289308,401.07547169811323,1214.0943396226414,249.42138364779873,146.56603773584905,100.81761006289308,369.81761006289304,132.83647798742138,39.56603773584906,111.88679245283019,148.60377358490567,148.60377358490567,148.60377358490567,197.52830188679243,105.71069182389937,126.13207547169812,358.38993710691824,36.38993710691824,36.38993710691824,91.81761006289308,443.76100628930817,298.622641509434,154.46540880503144,63.06289308176101,60.81132075471698,258.3018867924528,165.30188679245282,221.48427672955975,83.10691823899371,11.018867924528301,11.018867924528301,11.018867924528301,11.018867924528301,11.018867924528301,45.76100628930817,45.76100628930817,45.76100628930817,85.32704402515724,58.83018867924528,48.314465408805034,48.314465408805034,75.88679245283019,75.88679245283019,75.88679245283019,45.74842767295598,248.11949685534591,91.40251572327044,81.64150943396227,81.64150943396227,81.64150943396227,81.64150943396227,88.27672955974843,88.27672955974843,88.27672955974843,37.55974842767296,90.67295597484276,84.71698113207547,47.75471698113208
week_27,104.57232704402516,710.9622641509435,213.04402515723268,1154.125786163522,821.4779874213837,104.57232704402516,382.4465408805031,91.48427672955974,383.07547169811323,1179.427672955975,250.75471698113208,137.56603773584905,91.48427672955974,367.1509433962264,136.50314465408806,34.56603773584906,108.22012578616352,159.27044025157232,159.27044025157232,159.27044025157232,202.86163522012578,122.0440251572327,121.79874213836479,362.38993710691824,31.056603773584907,31.056603773584907,80.81761006289308,443.0943396226415,309.622641509434,159.7987421383648,68.39622641509435,55.47798742138365,226.30188679245282,135.96855345911948,189.8176100628931,70.44025157232704,9.018867924528301,9.018867924528301,9.018867924528301,9.018867924528301,9.018867924528301,42.42767295597484,42.42767295597484,42.42767295597484,81.32704402515724,68.49685534591195,59.64779874213837,59.64779874213837,60.22012578616352,60.22012578616352,60.22012578616352,46.081761006289305,221.45283018867926,91.40251572327044,82.64150943396227,82.64150943396227,82.64150943396227,82.64150943396227,84.61006289308176,84.61006289308176,84.61006289308176,28.559748427672957,87.67295597484276,68.0503144654088,32.08805031446541
week_28,108.9056603773585,696.9622641509435,215.37735849056602,1155.7924528301885,837.811320754717,108.9056603773585,358.4465408805031,100.15094339622641,394.7421383647799,1225.427672955975,253.75471698113208,142.56603773584905,100.15094339622641,370.1509433962264,128.16981132075472,35.56603773584906,113.22012578616352,153.60377358490567,153.60377358490567,153.60377358490567,191.19496855345912,104.0440251572327,129.13207547169813,373.38993710691824,37.056603773584904,37.056603773584904,87.15094339622641,475.0943396226415,303.622641509434,161.7987421383648,69.39622641509435,53.47798742138365,246.63522012578616,158.30188679245282,219.15094339622644,80.10691823899371,10.352201257861635,10.352201257861635,10.352201257861635,10.352201257861635,10.352201257861635,41.094339622641506,41.094339622641506,41.094339622641506,81.99371069182389,59.83018867924528,57.9811320754717,57.9811320754717,76.55345911949685,76.55345911949685,76.55345911949685,42.41509433962264,248.45283018867926,92.40251572327044,81.64150943396227,81.64150943396227,81.64150943396227,81.64150943396227,106.94339622641509,106.94339622641509,106.94339622641509,44.22641509433962,98.00628930817611,79.0503144654088,45.42138364779874
week_29,100.57232704402516,710.2955974842768,210.37735849056602,1145.7924528301885,824.4779874213837,100.57232704402516,368.7798742138364,86.15094339622641,373.7421383647799,1180.0943396226414,253.75471698113208,126.8993710691824,86.15094339622641,362.1509433962264,135.83647798742138,36.23270440251572,95.55345911949685,167.60377358490567,167.60377358490567,167.60377358490567,206.19496855345912,119.37735849056604,125.46540880503146,359.72327044025155,35.38993710691824,35.38993710691824,86.81761006289308,464.76100628930817,299.9559748427673,164.7987421383648,65.39622641509435,58.144654088050316,217.96855345911948,139.63522012578616,192.8176100628931,70.44025157232704,9.018867924528301,9.018867924528301,9.018867924528301,9.018867924528301,9.018867924528301,44.094339622641506,44.094339622641506,44.094339622641506,67.66037735849056,67.49685534591195,62.314465408805034,62.314465408805034,61.55345911949686,61.55345911949686,61.55345911949686,40.74842767295598,227.11949685534591,99.40251572327044,97.64150943396226,97.64150943396226,97.64150943396226,97.64150943396226,86.61006289308176,86.61006289308176,86.61006289308176,28.226415094339625,94.00628930817611,67.38364779874213,37.08805031446541
week_30,101.23899371069183,665.9622641509434,205.71069182389934,1100.4591194968552,800.1446540880503,101.23899371069183,351.7798742138364,97.15094339622641,391.07547169811323,1172.427672955975,251.42138364779873,135.8993710691824,97.15094339622641,352.81761006289304,132.50314465408806,33.56603773584906,107.22012578616352,154.27044025157232,154.27044025157232,154.27044025157232,176.19496855345912,96.71069182389937,121.46540880503146,362.38993710691824,35.723270440251575,35.723270440251575,79.48427672955974,437.76100628930817,277.622641509434,147.7987421383648,63.39622641509434,54.81132075471698,226.96855345911948,149.96855345911948,201.15094339622644,76.44025157232704,10.352201257861635,10.352201257861635,10.352201257861635,10.352201257861635,10.352201257861635,35.094339622641506,35.094339622641506,35.094339622641506,69.99371069182389,59.83018867924528,49.64779874213837,49.64779874213837,71.55345911949685,71.55345911949685,71.55345911949685,38.74842767295598,222.78616352201257,84.40251572327044,78.64150943396227,78.64150943396227,78.64150943396227,78.64150943396227,97.94339622641509,97.94339622641509,97.94339622641509,32.89308176100629,88.67295597484276,66.38364779874213,34.42138364779874
week_31,96.9056603773585,690.9622641509435,204.37735849056602,1121.7924528301885,820.1446540880503,96.9056603773585,381.7798742138364,104.15094339622641,374.7421383647799,1165.7610062893082,266.42138364779873,136.56603773584905,104.15094339622641,342.1509433962264,128.83647798742138,41.56603773584906,101.22012578616352,162.27044025157232,162.27044025157232,162.27044025157232,210.52830188679243,112.0440251572327,125.13207547169812,351.05660377358487,36.723270440251575,36.723270440251575,98.48427672955974,455.42767295597486,287.28930817610063,154.7987421383648,60.729559748427675,64.14465408805032,229.63522012578616,137.96855345911948,180.8176100628931,70.10691823899371,7.685534591194968,7.685534591194968,7.685534591194968,7.685534591194968,7.685534591194968,46.76100628930817,46.76100628930817,46.76100628930817,74.66037735849056,57.83018867924528,57.64779874213837,57.64779874213837,65.22012578616352,65.22012578616352,65.22012578616352,32.41509433962264,226.45283018867926,94.06918238993711,90.64150943396226,90.64150943396226,90.64150943396226,90.64150943396226,84.27672955974843,84.27672955974843,84.27672955974843,31.559748427672957,92.33962264150944,71.38364779874213,38.42138364779874
week_32,91.9056603773585,654.62893081761,201.71069182389934,1090.7924528301885,826.1446540880503,91.9056603773585,351.4465408805031,97.81761006289308,407.40880503144655,1167.0943396226414,253.0880503144654,136.8993710691824,97.81761006289308,371.81761006289304,128.83647798742138,33.23270440251572,109.22012578616352,155.27044025157232,155.27044025157232,155.27044025157232,184.19496855345912,96.71069182389937,125.79874213836479,371.38993710691824,36.056603773584904,36.056603773584904,87.48427672955974,424.76100628930817,272.622641509434,138.46540880503144,54.729559748427675,61.47798742138365,240.30188679245282,154.96855345911948,212.8176100628931,74.77358490566037,10.018867924528301,10.018867924528301,10.018867924528301,10.018867924528301,10.018867924528301,33.094339622641506,33.094339622641506,33.094339622641506,80.66037735849056,53.496855345911946,43.9811320754717,43.9811320754717,68.55345911949685,68.55345911949685,68.55345911949685,39.081761006289305,230.78616352201257,83.73584905660378,70.64150943396227,70.64150943396227,70.64150943396227,70.64150943396227,87.94339622641509,87.94339622641509,87.94339622641509,35.22641509433962,90.67295597484276,69.71698113207547,38.08805031446541
week_33,93.9056603773585,667.2955974842768,196.71069182389934,1084.125786163522,802.4779874213837,93.9056603773585,375.7798742138364,108.81761006289308,379.40880503144655,1153.0943396226414,262.42138364779873,152.8993710691824,108.81761006289308,353.1509433962264,122.83647798742139,38.899371069182386,108.88679245283019,153.60377358490567,153.60377358490567,153.60377358490567,194.19496855345912,102.71069182389937,129.13207547169813,349.72327044025155,37.723270440251575,37.723270440251575,91.48427672955974,444.0943396226415,284.28930817610063,145.7987421383648,64.72955974842768,62.144654088050316,232.30188679245282,129.63522012578616,176.8176100628931,66.10691823899371,8.352201257861635,8.352201257861635,8.352201257861635,8.352201257861635,8.352201257861635,42.76100628930817,42.76100628930817,42.76100628930817,83.32704402515724,55.16352201257862,56.314465408805034,56.314465408805034,63.55345911949686,63.55345911949686,63.55345911949686,44.081761006289305,217.45283018867926,81.06918238993711,74.64150943396227,74.64150943396227,74.64150943396227,74.64150943396227,89.61006289308176,89.61006289308176,89.61006289308176,31.89308176100629,86.00628930817611,75.71698113207547,34.75471698113208
week_34,93.23899371069183,627.62893081761,194.71069182389934,1090.4591194968552,817.811320754717,93.23899371069183,337.1132075471698,94.81761006289308,392.40880503144655,1166.427672955975,241.42138364779873,128.23270440251574,94.81761006289308,355.4842767295597,127.83647798742139,37.899371069182386,104.55345911949685,146.60377358490567,146.60377358490567,146.60377358490567,178.52830188679243,92.37735849056604,108.46540880503146,346.05660377358487,30.72327044025157,30.72327044025157,86.15094339622641,423.42767295597486,280.9559748427673,140.7987421383648,56.39622641509434,62.144654088050316,255.96855345911948,159.96855345911948,229.48427672955975,85.10691823899371,9.685534591194967,9.685534591194967,9.685534591194967,9.685534591194967,9.685534591194967,31.09433962264151,31.09433962264151,31.09433962264151,85.66037735849056,54.496855345911946,46.64779874213837,46.64779874213837,75.88679245283019,75.88679245283019,75.88679245283019,33.41509433962264,228.78616352201257,84.40251572327044,72.64150943396227,72.64150943396227,72.64150943396227,72.64150943396227,87.61006289308176,87.61006289308176,87.61006289308176,37.55974842767296,88.33962264150944,71.38364779874213,39.42138364779874
week_35,97.9056603773585,678.2955974842768,204.71069182389934,1084.7924528301885,789.811320754717,97.9056603773585,361.7798742138364,91.81761006289308,370.40880503144655,1147.427672955975,237.42138364779873,137.23270440251574,91.81761006289308,364.4842767295597,124.50314465408805,38.56603773584906,102.55345911949685,145.60377358490567,145.60377358490567,145.60377358490567,200.52830188679243,109.0440251572327,124.79874213836479,351.38993710691824,34.38993710691824,34.38993710691824,91.48427672955974,466.42767295597486,286.622641509434,152.7987421383648,73.062893081761,59.81132075471698,231.30188679245282,129.96855345911948,182.15094339622644,66.77358490566037,10.352201257861635,10.352201257861635,10.352201257861635,10.352201257861635,10.352201257861635,33.76100628930818,33.76100628930818,33.76100628930818,78.99371069182389,54.83018867924528,55.314465408805034,55.314465408805034,64.88679245283019,64.88679245283019,64.88679245283019,45.41509433962264,210.45283018867926,79.73584905660378,77.64150943396227,77.64150943396227,77.64150943396227,77.64150943396227,103.61006289308176,103.61006289308176,103.61006289308176,29.559748427672957,88.67295597484276,70.0503144654088,32.08805031446541
week_36,94.57232704402516,654.9622641509434,200.71069182389934,1114.4591194968552,794.4779874213837,94.57232704402516,356.7798742138364,95.81761006289308,390.40880503144655,1162.7610062893082,246.42138364779873,127.56603773584906,95.81761006289308,345.1509433962264,129.83647798742138,36.899371069182386,115.22012578616352,150.60377358490567,150.60377358490567,150.60377358490567,189.86163522012578,103.0440251572327,111.79874213836479,353.05660377358487,32.056603773584904,32.056603773584904,86.81761006289308,434.76100628930817,296.622641509434,143.7987421383648,62.729559748427675,57.81132075471698,249.30188679245282,145.30188679245282,208.48427672955975,78.44025157232704,10.352201257861635,10.352201257861635,10.352201257861635,10.352201257861635,10.352201257861635,31.761006289308174,31.761006289308174,31.761006289308174,87.32704402515724,65.49685534591195,50.64779874213837,50.64779874213837,69.22012578616352,69.22012578616352,69.22012578616352,31.748427672955973,223.45283018867926,81.06918238993711,85.64150943396226,85.64150943396226,85.64150943396226,85.64150943396226,82.94339622641509,82.94339622641509,82.94339622641509,32.89308176100629,87.67295597484276,82.0503144654088,39.42138364779874
week_37,105.57232704402516,692.9622641509435,210.04402515723268,1099.125786163522,806.811320754717,105.57232704402516,378.1132075471698,87.48427672955974,373.07547169811323,1143.0943396226414,234.42138364779873,121.8993710691824,87.48427672955974,354.1509433962264,129.50314465408806,41.56603773584906,109.55345911949685,146.93710691823898,146.93710691823898,146.93710691823898,204.19496855345912,111.37735849056604,120.79874213836479,353.38993710691824,30.38993710691824,30.38993710691824,92.81761006289308,465.0943396226415,278.9559748427673,145.46540880503144,63.06289308176101,59.81132075471698,231.63522012578616,136.96855345911948,188.15094339622644,68.77358490566037,10.685534591194967,10.685534591194967,10.685534591194967,10.685534591194967,10.685534591194967,37.094339622641506,37.094339622641506,37.094339622641506,77.66037735849056,55.83018867924528,54.64779874213837,54.64779874213837,66.88679245283019,66.88679245283019,66.88679245283019,34.41509433962264,211.11949685534591,82.40251572327044,82.64150943396227,82.64150943396227,82.64150943396227,82.64150943396227,105.61006289308176,105.61006289308176,105.61006289308176,30.226415094339625,85.00628930817611,66.38364779874213,36.08805031446541
week_38,87.23899371069183,629.2955974842768,187.37735849056602,1031.4591194968552,742.1446540880503,87.23899371069183,346.7798742138364,92.15094339622641,363.7421383647799,1057.427672955975,236.42138364779873,126.8993710691824,92.15094339622641,324.81761006289304,120.50314465408805,35.56603773584906,114.55345911949685,144.27044025157232,144.27044025157232,144.27044025157232,188.86163522012578,102.37735849056604,112.79874213836479,329.05660377358487,33.056603773584904,33.056603773584904,86.48427672955974,396.76100628930817,264.622641509434,125.46540880503146,57.729559748427675,52.144654088050316,223.30188679245282,133.63522012578616,180.15094339622644,66.77358490566037,8.685534591194967,8.685534591194967,8.685534591194967,8.685534591194967,8.685534591194967,31.427672955974842,31.427672955974842,31.427672955974842,82.32704402515724,56.83018867924528,46.9811320754717,46.9811320754717,58.886792452830186,58.886792452830186,58.886792452830186,34.74842767295598,213.45283018867926,67.73584905660378,71.64150943396227,71.64150943396227,71.64150943396227,71.64150943396227,74.61006289308176,74.61006289308176,74.61006289308176,35.55974842767296,86.67295597484276,82.0503144654088,38.75471698113208
week_39,109.23899371069183,707.9622641509435,212.04402515723268,1136.125786163522,844.1446540880503,109.23899371069183,382.7798742138364,88.81761006289308,371.7421383647799,1167.0943396226414,248.42138364779873,123.56603773584906,88.81761006289308,366.81761006289304,133.16981132075472,44.23270440251573,115.88679245283019,159.60377358490567,159.60377358490567,159.60377358490567,200.86163522012578,108.37735849056604,130.46540880503144,372.05660377358487,33.056603773584904,33.056603773584904,92.48427672955974,461.76100628930817,279.9559748427673,146.7987421383648,59.39622641509434,63.81132075471698,241.30188679245282,147.30188679245282,202.8176100628931,78.10691823899371,10.018867924528301,10.018867924528301,10.018867924528301,10.018867924528301,10.018867924528301,41.76100628930818,41.76100628930818,41.76100628930818,76.32704402515724,56.83018867924528,58.9811320754717,58.9811320754717,71.88679245283019,71.88679245283019,71.88679245283019,34.74842767295598,224.78616352201257,87.40251572327044,82.64150943396227,82.64150943396227,82.64150943396227,82.64150943396227,96.94339622641509,96.94339622641509,96.94339622641509,35.89308176100629,82.00628930817611,69.38364779874213,37.08805031446541
week_40,83.23899371069183,563.2955974842768,161.71069182389937,934.1257861635219,680.1446540880503,83.23899371069183,315.1132075471698,80.48427672955974,309.7421383647799,961.7610062893082,217.75471698113208,118.8993710691824,80.48427672955974,282.1509433962264,111.83647798742139,30.232704402515722,88.22012578616352,137.27044025157232,137.27044025157232,137.27044025157232,168.86163522012578,92.37735849056604,100.79874213836479,292.05660377358487,31.38993710691824,31.38993710691824,76.48427672955974,383.0943396226415,231.62264150943398,111.46540880503146,49.06289308176101,51.81132075471698,206.96855345911948,122.30188679245282,154.8176100628931,59.44025157232704,7.018867924528301,7.018867924528301,7.018867924528301,7.018867924528301,7.018867924528301,31.09433962264151,31.09433962264151,31.09433962264151,71.66037735849056,48.496855345911946,50.314465408805034,50.314465408805034,58.55345911949686,58.55345911949686,58.55345911949686,38.41509433962264,184.11949685534591,62.40251572327045,62.64150943396226,62.64150943396226,62.64150943396226,62.64150943396226,81.61006289308176,81.61006289308176,81.61006289308176,29.89308176100629,72.33962264150944,58.71698113207547,29.754716981132077
week_41,102.57232704402516,697.9622641509435,208.37735849056602,1139.4591194968552,833.4779874213837,102.57232704402516,358.4465408805031,78.48427672955974,362.40880503144655,1168.7610062893082,233.75471698113208,116.23270440251572,78.48427672955974,370.1509433962264,140.50314465408806,44.56603773584906,110.22012578616352,155.27044025157232,155.27044025157232,155.27044025157232,202.52830188679243,107.37735849056604,124.79874213836479,364.38993710691824,33.056603773584904,33.056603773584904,95.15094339622641,465.42767295597486,279.622641509434,151.13207547169813,64.72955974842768,63.81132075471698,241.96855345911948,154.96855345911948,207.8176100628931,83.77358490566037,9.018867924528301,9.018867924528301,9.018867924528301,9.018867924528301,9.018867924528301,38.42767295597484,38.42767295597484,38.42767295597484,69.99371069182389,58.496855345911946,66.64779874213836,66.64779874213836,77.22012578616352,77.22012578616352,77.22012578616352,37.74842767295598,229.45283018867926,86.40251572327044,76.64150943396227,76.64150943396227,76.64150943396227,76.64150943396227,98.61006289308176,98.61006289308176,98.61006289308176,40.55974842767296,93.33962264150944,65.0503144654088,33.75471698113208
week_42,77.23899371069183,597.9622641509434,169.0440251572327,1007.1257861635219,727.4779874213837,77.23899371069183,341.1132075471698,92.81761006289308,327.07547169811323,1071.7610062893082,235.75471698113208,131.56603773584905,92.81761006289308,314.1509433962264,127.16981132075472,35.56603773584906,83.55345911949685,142.93710691823898,142.93710691823898,142.93710691823898,171.86163522012578,99.71069182389937,112.46540880503146,330.38993710691824,33.38993710691824,33.38993710691824,72.15094339622641,421.0943396226415,271.9559748427673,131.46540880503144,52.39622641509434,58.81132075471698,230.96855345911948,121.30188679245282,158.48427672955975,59.77358490566038,8.352201257861635,8.352201257861635,8.352201257861635,8.352201257861635,8.352201257861635,39.42767295597484,39.42767295597484,39.42767295597484,80.66037735849056,59.83018867924528,55.9811320754717,55.9811320754717,64.55345911949685,64.55345911949685,64.55345911949685,38.74842767295598,193.78616352201257,79.06918238993711,73.64150943396227,73.64150943396227,73.64150943396227,73.64150943396227,95.61006289308176,95.61006289308176,95.61006289308176,30.226415094339625,80.67295597484276,52.71698113207547,29.754716981132077
week_43,85.57232704402516,636.2955974842768,178.71069182389934,1050.125786163522,746.1446540880503,85.57232704402516,338.44654088050316,74.15094339622641,336.07547169811323,1084.0943396226414,218.0880503144654,110.56603773584906,74.15094339622641,324.1509433962264,135.50314465408806,36.56603773584906,104.22012578616352,143.93710691823898,143.93710691823898,143.93710691823898,190.19496855345912,105.37735849056604,117.79874213836479,343.72327044025155,32.723270440251575,32.723270440251575,84.81761006289308,440.42767295597486,257.622641509434,134.13207547169813,54.729559748427675,57.81132075471698,215.30188679245282,142.96855345911948,180.8176100628931,74.10691823899371,8.018867924528301,8.018867924528301,8.018867924528301,8.018867924528301,8.018867924528301,37.76100628930818,37.76100628930818,37.76100628930818,59.660377358490564,63.83018867924528,64.31446540880503,64.31446540880503,70.88679245283019,70.88679245283019,70.88679245283019,36.41509433962264,213.11949685534591,79.40251572327044,72.64150943396227,72.64150943396227,72.64150943396227,72.64150943396227,97.61006289308176,97.61006289308176,97.61006289308176,34.89308176100629,85.67295597484276,63.71698113207547,33.75471698113208
week_44,88.23899371069183,654.62893081761,180.71069182389934,1095.125786163522,815.811320754717,88.23899371069183,375.1132075471698,111.48427672955974,365.40880503144655,1168.7610062893082,268.75471698113205,150.23270440251574,111.48427672955974,340.81761006289304,144.16981132075472,48.89937106918239,93.22012578616352,157.27044025157232,157.27044025157232,157.27044025157232,180.19496855345912,102.71069182389937,122.46540880503146,351.72327044025155,36.723270440251575,36.723270440251575,77.48427672955974,420.42767295597486,294.622641509434,144.7987421383648,57.06289308176101,62.81132075471698,243.96855345911948,146.63522012578616,190.48427672955975,78.77358490566037,8.018867924528301,8.018867924528301,8.018867924528301,8.018867924528301,8.018867924528301,41.42767295597484,41.42767295597484,41.42767295597484,85.66037735849056,64.16352201257861,52.9811320754717,52.9811320754717,70.22012578616352,70.22012578616352,70.22012578616352,38.74842767295598,215.11949685534591,87.73584905660378,71.64150943396227,71.64150943396227,71.64150943396227,71.64150943396227,88.61006289308176,88.61006289308176,88.61006289308176,31.559748427672957,81.00628930817611,64.71698113207547,36.75471698113208
week_45,89.57232704402516,642.62893081761,176.71069182389934,1034.125786163522,759.1446540880503,89.57232704402516,357.7798742138364,86.48427672955974,343.07547169811323,1063.427672955975,239.0880503144654,122.23270440251572,86.48427672955974,318.81761006289304,134.16981132075472,41.899371069182386,98.55345911949685,152.60377358490567,152.60377358490567,152.60377358490567,185.19496855345912,99.37735849056604,121.79874213836479,341.38993710691824,34.723270440251575,34.723270440251575,85.81761006289308,426.42767295597486,269.28930817610063,131.46540880503144,56.729559748427675,50.47798742138365,219.30188679245282,129.63522012578616,165.48427672955975,61.10691823899371,9.685534591194967,9.685534591194967,9.685534591194967,9.685534591194967,9.685534591194967,41.094339622641506,41.094339622641506,41.094339622641506,76.66037735849056,61.16352201257862,55.64779874213837,55.64779874213837,66.55345911949685,66.55345911949685,66.55345911949685,35.74842767295598,201.45283018867926,74.73584905660378,67.64150943396227,67.64150943396227,67.64150943396227,67.64150943396227,92.61006289308176,92.61006289308176,92.61006289308176,26.226415094339625,75.00628930817611,69.38364779874213,37.42138364779874
week_46,102.9056603773585,670.2955974842768,189.71069182389934,1121.7924528301885,843.811320754717,102.9056603773585,366.4465408805031,97.15094339622641,367.7421383647799,1168.0943396226414,264.0880503144654,134.8993710691824,97.15094339622641,326.81761006289304,137.16981132075472,42.89937106918239,98.55345911949685,166.93710691823898,166.93710691823898,166.93710691823898,193.52830188679243,106.71069182389937,119.13207547169812,336.72327044025155,35.723270440251575,35.723270440251575,86.81761006289308,423.76100628930817,290.28930817610063,141.46540880503144,51.729559748427675,55.47798742138365,231.96855345911948,156.63522012578616,201.15094339622644,84.44025157232704,8.018867924528301,8.018867924528301,8.018867924528301,8.018867924528301,8.018867924528301,44.76100628930817,44.76100628930817,44.76100628930817,85.99371069182389,62.83018867924528,54.314465408805034,54.314465408805034,69.55345911949685,69.55345911949685,69.55345911949685,37.74842767295598,220.45283018867926,89.73584905660378,74.64150943396227,74.64150943396227,74.64150943396227,74.64150943396227,83.94339622641509,83.94339622641509,83.94339622641509,25.89308176100629,75.67295597484276,73.38364779874213,40.75471698113208
week_47,107.23899371069183,735.6289308176101,216.04402515723268,1204.125786163522,885.4779874213837,107.23899371069183,390.4465408805031,108.15094339622641,401.7421383647799,1266.7610062893082,277.75471698113205,147.8993710691824,108.15094339622641,371.4842767295597,143.83647798742138,45.89937106918239,116.55345911949685,169.60377358490567,169.60377358490567,169.60377358490567,209.19496855345912,108.71069182389937,133.7987421383648,367.05660377358487,37.38993710691824,37.38993710691824,100.48427672955974,465.0943396226415,315.622641509434,156.46540880503144,69.72955974842768,56.81132075471698,258.63522012578613,152.30188679245282,201.8176100628931,80.77358490566037,11.352201257861635,11.352201257861635,11.352201257861635,11.352201257861635,11.352201257861635,45.094339622641506,45.094339622641506,45.094339622641506,92.32704402515724,66.83018867924528,57.64779874213837,57.64779874213837,85.55345911949685,85.55345911949685,85.55345911949685,39.74842767295598,238.11949685534591,86.73584905660378,71.64150943396227,71.64150943396227,71.64150943396227,71.64150943396227,105.94339622641509,105.94339622641509,105.94339622641509,38.22641509433962,101.33962264150944,82.0503144654088,40.42138364779874
week_48,100.57232704402516,695.6289308176101,205.71069182389934,1128.125786163522,827.4779874213837,100.57232704402516,369.1132075471698,89.48427672955974,372.40880503144655,1165.7610062893082,255.0880503144654,123.56603773584906,89.48427672955974,341.4842767295597,127.50314465408805,38.899371069182386,108.88679245283019,165.60377358490567,165.60377358490567,165.60377358490567,213.19496855345912,114.71069182389937,119.79874213836479,339.05660377358487,33.38993710691824,33.38993710691824,98.48427672955974,434.76100628930817,297.9559748427673,148.7987421383648,55.06289308176101,54.81132075471698,231.63522012578616,135.96855345911948,184.48427672955975,69.44025157232704,8.352201257861635,8.352201257861635,8.352201257861635,8.352201257861635,8.352201257861635,40.094339622641506,40.094339622641506,40.094339622641506,88.99371069182389,60.16352201257862,50.9811320754717,50.9811320754717,67.22012578616352,67.22012578616352,67.22012578616352,34.081761006289305,223.78616352201257,93.73584905660378,72.64150943396227,72.64150943396227,72.64150943396227,72.64150943396227,93.27672955974843,93.27672955974843,93.27672955974843,29.226415094339625,89.00628930817611,72.38364779874213,38.08805031446541
week_49,105.9056603773585,740.9622641509435,225.71069182389934,1224.7924528301885,876.811320754717,105.9056603773585,389.7798742138364,111.48427672955974,401.40880503144655,1285.7610062893082,280.0880503144654,150.56603773584905,111.48427672955974,381.81761006289304,148.50314465408806,38.56603773584906,113.55345911949685,168.60377358490567,168.60377358490567,168.60377358490567,221.52830188679243,121.0440251572327,135.13207547169813,379.05660377358487,35.056603773584904,35.056603773584904,100.48427672955974,460.42767295597486,311.28930817610063,153.46540880503144,62.39622641509434,59.81132075471698,256.63522012578613,146.30188679245282,196.48427672955975,79.77358490566037,10.352201257861635,10.352201257861635,10.352201257861635,10.352201257861635,10.352201257861635,46.427672955974835,46.427672955974835,46.427672955974835,81.99371069182389,75.83018867924528,57.64779874213837,57.64779874213837,90.22012578616352,90.22012578616352,90.22012578616352,39.081761006289305,240.11949685534591,91.06918238993711,73.64150943396227,73.64150943396227,73.64150943396227,73.64150943396227,105.94339622641509,105.94339622641509,105.94339622641509,43.89308176100629,113.33962264150944,71.0503144654088,32.42138364779874
week_50,99.57232704402516,710.6289308176101,212.04402515723268,1149.7924528301885,826.1446540880503,99.57232704402516,388.1132075471698,105.48427672955974,411.40880503144655,1205.427672955975,256.0880503144654,139.56603773584905,105.48427672955974,352.1509433962264,132.50314465408806,39.56603773584906,122.88679245283019,150.60377358490567,150.60377358490567,150.60377358490567,210.19496855345912,114.71069182389937,119.46540880503146,356.05660377358487,34.723270440251575,34.723270440251575,95.48427672955974,441.76100628930817,308.622641509434,159.13207547169813,68.72955974842768,54.144654088050316,239.30188679245282,154.63522012578616,202.8176100628931,76.44025157232704,9.018867924528301,9.018867924528301,9.018867924528301,9.018867924528301,9.018867924528301,30.761006289308174,30.761006289308174,30.761006289308174,89.66037735849056,59.83018867924528,53.9811320754717,53.9811320754717,73.22012578616352,73.22012578616352,73.22012578616352,34.081761006289305,242.11949685534591,90.40251572327044,67.64150943396227,67.64150943396227,67.64150943396227,67.64150943396227,95.94339622641509,95.94339622641509,95.94339622641509,39.89308176100629,103.33962264150944,78.71698113207547,45.08805031446541
week_51,88.9056603773585,636.9622641509434,190.37735849056602,1011.7924528301886,730.4779874213837,88.9056603773585,345.7798742138364,88.81761006289308,343.40880503144655,1033.0943396226414,229.0880503144654,116.8993710691824,88.81761006289308,327.1509433962264,125.16981132075472,33.899371069182386,88.55345911949685,140.27044025157232,140.27044025157232,140.27044025157232,205.52830188679243,113.71069182389937,120.46540880503146,324.72327044025155,34.38993710691824,34.38993710691824,91.81761006289308,388.76100628930817,253.62264150943398,127.79874213836479,52.729559748427675,43.47798742138365,202.63522012578616,120.63522012578615,168.15094339622644,58.44025157232704,7.685534591194968,7.685534591194968,7.685534591194968,7.685534591194968,7.685534591194968,41.094339622641506,41.094339622641506,41.094339622641506,64.66037735849056,61.16352201257862,45.9811320754717,45.9811320754717,69.22012578616352,69.22012578616352,69.22012578616352,28.08176100628931,196.45283018867926,75.06918238993711,62.64150943396226,62.64150943396226,62.64150943396226,62.64150943396226,89.61006289308176,89.61006289308176,89.61006289308176,32.89308176100629,92.00628930817611,58.38364779874214,32.08805031446541
week_52,80.23899371069183,561.2955974842768,172.71069182389934,921.4591194968552,666.4779874213837,80.23899371069183,297.44654088050316,84.15094339622641,333.40880503144655,974.4276729559748,196.42138364779873,116.56603773584906,84.15094339622641,288.81761006289304,106.83647798742139,30.89937106918239,100.88679245283019,112.27044025157232,112.27044025157232,112.27044025157232,151.52830188679243,84.0440251572327,98.79874213836479,291.05660377358487,27.72327044025157,27.72327044025157,67.48427672955974,356.76100628930817,241.62264150943398,125.79874213836479,59.06289308176101,44.81132075471698,192.96855345911948,133.63522012578616,166.15094339622644,67.10691823899371,7.685534591194968,7.685534591194968,7.685534591194968,7.685534591194968,7.685534591194968,28.427672955974842,28.427672955974842,28.427672955974842,69.32704402515724,46.496855345911946,45.9811320754717,45.9811320754717,58.886792452830186,58.886792452830186,58.886792452830186,32.41509433962264,198.11949685534591,66.73584905660378,56.64150943396226,56.64150943396226,56.64150943396226,56.64150943396226,76.61006289308176,76.61006289308176,76.61006289308176,33.89308176100629,87.67295597484276,68.0503144654088,37.08805031446541
week_53,82.9056603773585,556.9622641509434,162.37735849056602,888.7924528301886,635.1446540880503,82.9056603773585,292.44654088050316,72.81761006289308,297.7421383647799,902.4276729559748,189.75471698113208,95.23270440251572,72.81761006289308,268.1509433962264,101.83647798742139,30.232704402515722,84.22012578616352,116.937106918239,116.937106918239,116.937106918239,173.19496855345912,98.0440251572327,102.46540880503146,273.72327044025155,30.72327044025157,30.72327044025157,75.15094339622641,344.42767295597486,229.95597484276732,120.79874213836479,54.39622641509434,39.144654088050316,182.96855345911948,115.30188679245282,152.48427672955975,58.10691823899371,5.685534591194968,5.685534591194968,5.685534591194968,5.685534591194968,5.685534591194968,26.761006289308174,26.761006289308174,26.761006289308174,64.66037735849056,44.496855345911946,41.9811320754717,41.9811320754717,55.886792452830186,55.886792452830186,55.886792452830186,22.41509433962264,178.78616352201257,66.40251572327044,63.64150943396226,63.64150943396226,63.64150943396226,63.64150943396226,74.61006289308176,74.61006289308176,74.61006289308176,27.226415094339625,73.67295597484276,58.0503144654088,30.08805031446541
